body;100;
object;Hips;display;root;mass;0.5;
scaling;
radius;0.01;
length;0.0;
translation;
x;1133;-0.761787662506;2800;-0.27136208415;3333;0.635093340874;3833;-0.37699858427;4700;-0.454757328033;5066;-0.219557346106;5766;-0.526518189907;6600;-1.23646986485;7100;-1.05053941727;7400;-0.720160298347;7766;-1.36255378723;8366;-1.36045929909;9000;-1.65747357368;9500;-0.941303892136;11200;-0.305516130924;11666;0.563891646862;12066;1.42267932892;12500;0.00374834559858;12833;-0.0656895071268;13233;-0.400759854317;13866;-0.472424292564;14333;-0.689779844284;14833;-0.0819137600064;15266;-0.304588757753;16433;-0.213758026361;17000;-1.05853337765;17666;-1.19919789791;18866;0.128487308621;20300;-0.297913620472;20900;-1.39685919762;21500;-1.09846208096;22066;-1.27665788651;22933;-1.00883553028;23766;-0.993555607796;24200;-0.192740067244;24633;1.11071229935;25466;-0.153801246285;26000;0.378480768204;27400;0.249728355408;28600;1.19134198666;29366;0.556653106213;30800;0.744689674377;31266;-0.0196843788773;31666;0.0125083588064;32500;-0.236698844433;33466;0.240191049576;33866;-0.0535216379166;34900;-0.179557206631;35266;0.262572659254;35700;-0.129571233392;36566;0.227892315388;37333;-0.00134979666211;37666;-0.446383590698;38400;-0.127589746118;38900;-0.351918349266;39400;0.53300495863;39800;0.191438794136;41100;-0.144929360747;43066;1.16681398869;43500;0.681058430672;43866;0.581315951347;44333;-0.0838463768363;
y;166;84.7598843384;466;89.2123144531;833;93.5041192627;1300;95.1540447998;1766;95.4490441895;2333;95.2488708496;2766;94.0466479492;3333;87.3397412109;3933;84.0838427734;4433;85.0452496338;4800;88.8162322998;5300;92.7617803955;6600;95.811819458;7000;93.8635223389;7433;87.6007177734;7766;85.556022644;8233;85.6007171631;8766;86.6593884277;9133;89.7058789063;9433;91.9776470947;10400;94.1299359131;11166;92.6379742432;11600;89.5356610107;11966;87.1925476074;12333;84.8309649658;12700;84.1965258789;13200;84.4797744751;13666;85.3933584595;14500;92.9245172119;15466;96.3009844971;15966;94.2173950195;16600;86.1053994751;17200;84.2653652954;17733;84.9507141113;18200;89.2599713135;19300;94.508918457;19800;92.9595776367;20400;86.7861621094;20833;85.9624081421;21533;86.7576748657;21966;87.4175299072;22333;90.3572930908;22600;92.2861352539;23800;94.2973626709;24266;91.2562365723;24633;86.446769104;24966;84.6551803589;25300;85.0199841309;26066;85.0582507324;26866;85.7600869751;27833;86.0274966431;28233;86.4755831909;28633;88.3359802246;29000;90.1253070068;29466;92.7744390869;30066;93.9659436035;30533;91.0105749512;31033;85.4645843506;31633;85.224909668;32400;85.2000177002;32800;86.2011904907;33333;91.076607666;33866;94.1927416992;34333;95.7490344238;34966;92.0736767578;35400;86.205050354;35966;83.8655892944;36633;83.4486981201;37166;83.651496582;37600;87.7218365479;38533;93.2066503906;39033;90.1324664307;39500;83.7390802002;40066;83.0926412964;40600;83.8594778442;40900;85.1953070068;41333;88.8308312988;42700;94.1601611328;43000;93.7556329346;43433;92.1424176025;44000;86.9843173218;44566;86.1964849854;45233;83.814887085;
z;0;4.94533569336;266;4.94533569336;566;-5.50072540283;933;-16.5027313232;1533;-21.7468847656;2066;-22.4093441772;2400;-22.2649780273;2766;-18.0482434082;3333;6.60297058105;3733;8.94842895508;4233;8.85087402344;4633;5.33320007324;4933;-3.68813568115;5433;-18.5648114014;5700;-22.9950213623;6033;-24.5232159424;6433;-24.9296792603;6866;-20.4552987671;7066;-10.4566394043;7333;4.5059753418;7766;9.11651977539;8466;8.91990539551;8766;8.34571960449;9033;5.91505371094;9500;-8.34710479736;9833;-18.0628994751;10300;-23.7421694946;10766;-24.8073361206;11000;-23.4805807495;11300;-17.9741900635;11633;-9.51117523193;12166;6.46038391113;12500;9.00145019531;12833;9.02309448242;13300;8.81694458008;13633;8.28306945801;14066;2.02591461182;14733;-17.7438381958;15233;-23.8213537598;15533;-24.709750061;15900;-18.3545578003;16366;2.80659790039;16900;8.91998840332;17466;8.84373535156;17933;5.90203186035;18300;-5.37458984375;18633;-16.2462890625;18933;-22.3216827393;19366;-24.091730957;19733;-18.0337896729;20366;6.61865905762;20700;8.91316101074;21100;8.92049682617;21600;8.78955200195;22000;8.08207641602;22300;3.30053588867;22933;-16.9761352539;23233;-22.8643722534;23666;-24.4616967773;23866;-23.4178787231;24066;-18.0217483521;24500;3.14076660156;25000;9.0380670166;26000;8.90372924805;27066;8.47160095215;27700;7.94429382324;28233;6.33807189941;28666;-2.61909362793;29133;-17.1639248657;29900;-24.1282025146;30300;-18.2210449219;30633;-2.23339263916;30900;6.88560180664;31233;9.04940795898;31633;9.03037841797;32300;8.85495178223;32700;8.44616943359;33233;-0.185294189453;33866;-19.6635702515;34366;-24.8577893066;34733;-19.576987915;35166;2.58415771484;35533;8.96102539063;35900;9.06004333496;36566;8.91813110352;36966;8.78357543945;37333;6.65926025391;38000;-14.8265701294;38533;-23.1694934082;38833;-17.6943136597;39200;2.52783691406;39500;9.05991882324;39800;9.20136413574;40266;9.05842468262;40633;8.69729919434;40966;6.79443847656;41366;-3.13218048096;41733;-13.1482714844;42166;-19.1801638794;42733;-22.0261074829;43000;-21.8646002197;43266;-18.7841491699;43766;4.27991394043;44300;9.06832336426;
rotation;
x;233;-89.5400848389;933;-71.9602813721;1433;-68.9489822388;2400;-66.9435348511;2833;-70.7128219604;3300;-83.6300125122;3700;-86.5395126343;4366;-88.3246154785;5233;-74.8096008301;6033;-66.3281784058;6900;-69.1133880615;7500;-82.7868118286;8700;-87.635635376;9366;-80.1384811401;10533;-68.4912033081;12066;-84.4595108032;12533;-85.5784301758;13200;-87.3310012817;13833;-86.6877975464;14600;-73.6164169312;15533;-68.6593322754;16166;-75.4410552979;16566;-84.8552932739;17666;-88.2767410278;18300;-78.64402771;19333;-68.5115737915;19966;-75.3612365723;20333;-83.9922027588;21166;-88.0890197754;22066;-88.1698455811;23733;-71.6927719116;24333;-78.3625717163;24733;-85.9167861938;26800;-88.9542236328;28166;-91.2928390503;29633;-68.7548065186;30433;-74.0214233398;30933;-86.4747009277;31466;-87.874206543;32633;-90.1548614502;33900;-75.1737670898;34433;-70.3508148193;35000;-77.4845275879;35333;-85.6890716553;36033;-88.1416931152;37100;-88.7327957153;38566;-68.5541229248;39066;-75.0174713135;39366;-82.0191574097;40100;-84.489440918;40833;-87.2380523682;41666;-80.3085250854;42733;-74.1134185791;43466;-79.73046875;43900;-86.5272293091;
y;1900;3.87729477882;2966;3.72304344177;3433;1.86083006859;5033;1.97117781639;5733;3.48581314087;11333;3.89835858345;12366;1.86712837219;16033;3.23480129242;16566;1.53205859661;19066;4.31978034973;19966;4.20572376251;20366;2.659491539;23433;2.7867565155;24233;3.60748004913;24800;0.759222149849;26666;1.46027457714;28633;0.00220860308036;29433;2.1530816555;30500;2.90635609627;33466;1.19458651543;34900;2.75691461563;36066;1.25951516628;39033;3.03011107445;39566;1.7410094738;43066;1.40121769905;43533;2.5150141716;
z;2233;-2.12956166267;3166;-4.30697393417;5500;-2.32534408569;6766;-2.93847060204;7400;-4.28360366821;8833;-3.50107550621;9433;-1.70943427086;10933;-1.87904691696;11933;-4.11541509628;12500;-1.57265782356;13666;-0.690244734287;14600;-3.22725200653;15633;-2.69789004326;16600;-4.54733467102;19133;-2.50815010071;21466;-4.70770263672;23500;-2.38076114655;24400;-4.37923288345;25266;-2.53746414185;27333;-1.90424776077;28566;-4.60800123215;29900;-3.0620238781;30733;-4.80279541016;31333;-2.88148880005;33100;-3.9509165287;34400;-1.07716703415;35100;-2.05746912956;35600;-0.405422002077;37033;-2.65935134888;40766;-1.89287495613;41233;-3.44865345955;43733;-2.73559069633;
end;
object;Spine;display;Hips;mass;0.5;
scaling;
radius;0.01;
length;0.955269344502;
translation;
x;0.0;2.3934044566e-06;
y;0.0;-2.32311354637;
z;0.0;16.0725563049;
rotation;
x;0.0;-81.55418396;
y;0.0;-84.9084472656;
z;0.0;-81.2115020752;
end;
object;Spine1;display;Spine;mass;0.5;
scaling;
radius;0.01;
length;0.700013309716;
translation;
x;0.0;11.9002269745;
y;0.0;-2.74803871889e-07;
z;0.0;-1.08610274095e-13;
rotation;
x;4466;-0.171375080943;24933;-1.5856115818;28600;-0.326213032007;31266;-1.41248559952;33733;-0.255126923323;35500;-1.47600948811;38000;-0.0137567594647;40466;-1.15715456009;42066;0.0385392829776;
y;4466;0.183880701661;16833;0.97751802206;
z;666;2.55886435509;3833;1.23649168015;5066;3.58312535286;7933;0.355610489845;9633;4.22961616516;11866;3.29988765717;12633;1.57107949257;13566;2.31177854538;14233;4.56972265244;17266;2.71545004845;18766;5.39956140518;20966;2.75741839409;22033;3.90532374382;23033;6.85918569565;24266;5.50718688965;25300;2.49814963341;27000;2.78790259361;28700;5.92995405197;31333;2.97394037247;33500;5.80996513367;35800;3.00879573822;38033;4.77761459351;39700;1.63839888573;41333;6.01165723801;43233;6.69089269638;44100;2.99660372734;
end;
object;Spine2;display;Spine1;mass;0.5;
scaling;
radius;0.01;
length;0.714000362992;
translation;
x;0.0;12.1380054474;
y;0.0;-2.99882259469e-08;
z;0.0;1.46565238245e-12;
rotation;
x;4466;-0.170938238502;24933;-1.58517491817;28600;-0.325778216124;31266;-1.4120490551;33733;-0.254691898823;35500;-1.47557294369;38000;-0.0133211594075;40466;-1.15671789646;42066;0.038973774761;
y;4466;0.18386502564;16833;0.977496385574;
z;666;2.55886745453;3833;1.23649406433;5066;3.58312773705;7933;0.355615586042;9633;4.22961997986;11866;3.29989385605;12633;1.57108283043;13566;2.31178164482;14233;4.56972455978;17266;2.715457201;18766;5.39956521988;20966;2.75742387772;22033;3.90532875061;23033;6.85918951035;24266;5.50719356537;25300;2.49815702438;27000;2.7879076004;28700;5.92995595932;31333;2.97394728661;33500;5.80996704102;35800;3.00880241394;38033;4.77761507034;39700;1.63840425014;41333;6.01165771484;43233;6.69089317322;44100;2.99660634995;
end;
object;Neck;display;Spine2;mass;0.5;
scaling;
radius;0.01;
length;1.21576232527;
translation;
x;0.0;20.6679582977;
y;0.0;-1.47586086428e-07;
z;0.0;-4.67309737781e-12;
rotation;
x;66;-0.451540291309;766;-5.93827867508;1700;-7.40848970413;2766;-6.15546178818;3400;-1.74739682674;4366;-1.4091886282;5600;-5.51830387115;6633;-6.25895929337;7066;-5.62478303909;7400;-2.67646408081;8600;-1.97923612595;9233;-5.0091509819;10800;-6.80476379395;12800;-1.48066210747;14066;-1.93573367596;15833;-5.56420230865;16666;-1.06104791164;17800;-1.52888381481;19266;-6.77406072617;20333;-1.64561414719;21233;-0.713179111481;22900;-2.7229142189;23866;-4.76641130447;24900;0.757587134838;27000;-0.422635167837;28433;-0.429986596107;30066;-7.01475048065;30933;-1.18358767033;32700;-0.34409737587;33733;-4.01763534546;34366;-7.34450817108;35000;-5.98468542099;35400;-1.87464666367;36933;-0.649744868279;38366;-6.39455509186;39000;-5.86764097214;39400;-2.51673769951;40300;-1.91949653625;41300;-2.68082809448;42300;-5.88037586212;43466;-5.24643850327;43866;-2.50364017487;44933;-2.26577830315;
y;100;6.4779753685;733;16.5318260193;1100;15.4354515076;2266;15.4331512451;2966;14.977440834;3366;9.75314998627;4000;8.09846591949;5033;11.0547523499;5633;16.2232666016;6333;15.0045557022;7133;15.2508039474;8333;10.3046636581;8800;11.3603858948;9200;16.2368545532;10800;14.3590898514;11800;16.3582077026;12366;4.81601428986;12966;3.84175992012;13666;3.68595147133;15133;14.4276161194;15666;14.3290290833;16100;14.9476118088;16533;7.20562553406;16866;9.42026138306;17833;10.9475345612;18966;18.1452999115;19600;16.1404953003;19933;15.3730478287;20433;8.22951221466;22066;10.0668973923;22666;15.7575941086;23733;15.4129228592;24100;16.3124084473;24833;2.21327137947;26133;5.89588737488;28633;7.98101139069;29533;16.6139221191;30533;16.1854343414;31066;7.3406586647;31633;7.72799301147;32666;8.46897602081;33033;7.48141622543;34000;14.4248857498;34566;14.293548584;34933;16.8702144623;35266;8.86979007721;35600;4.52493143082;36266;5.28941059113;37333;7.24721670151;37733;12.3804664612;38633;12.8160800934;39000;14.3199863434;39300;9.17277908325;39600;7.24636411667;41133;10.5713062286;41500;12.5636930466;41833;11.0485630035;42166;11.4171686172;42966;6.86823701859;43466;9.51572799683;43900;6.24387121201;
z;233;0.276748925447;533;-18.7822990417;833;-32.237953186;1433;-38.3906707764;2233;-40.9143600464;2700;-39.3332901001;3400;-19.9473285675;4333;-14.3959007263;5433;-29.7271404266;6666;-37.7389564514;7133;-30.9986438751;7433;-20.5120296478;7833;-18.4228897095;8233;-18.7033061981;8933;-20.7913703918;9633;-32.0550765991;10400;-37.6544570923;10900;-40.798248291;11500;-34.2550239563;12233;-24.3494491577;12800;-22.041103363;13666;-21.051202774;14166;-27.0069313049;14800;-32.3041954041;15633;-42.2066802979;16633;-21.8451881409;17633;-17.5968360901;18000;-21.3458862305;19266;-37.5804138184;19566;-38.7259674072;19800;-34.6814346313;20100;-28.8303775787;20466;-16.5134410858;21266;-10.619972229;21766;-10.9602956772;22566;-11.7904834747;23200;-26.5495510101;23800;-33.541519165;24133;-28.9373016357;24366;-23.8901481628;24633;-11.5955781937;24933;-5.22439956665;25366;-3.68422245979;26066;-2.13769555092;26366;-3.82760667801;27633;1.27908802032;28166;4.27834558487;29266;-28.7996349335;29733;-36.1076393127;30066;-40.150642395;30633;-27.6013450623;30900;-16.642791748;31433;-9.44912528992;32233;-6.55697584152;33200;-4.86284637451;33566;-12.5649652481;34466;-38.7502861023;34800;-34.4697914124;35066;-29.1783161163;35466;-13.5724925995;36000;-7.7179312706;36966;-2.01597809792;38233;-33.380317688;38600;-39.129447937;39133;-31.5027980804;39433;-22.1758899689;40366;-17.4582214355;40666;-14.9465332031;41000;-10.2357673645;41666;-20.9267311096;42066;-31.6260166168;42400;-43.0939941406;43033;-48.7338600159;43333;-45.7170715332;43566;-41.2926177979;43866;-27.479845047;44233;-17.2820281982;44533;-6.43958616257;45166;-0.446037113667;
end;
object;Head;display;Neck;mass;0.5;
scaling;
radius;0.01;
length;0.678557779703;
translation;
x;0.0;11.5354815674;
y;0.0;6.66591044137e-06;
z;0.0;-1.46013690028e-11;
rotation;
x;2333;0.249762222171;5533;1.78214454651;11833;1.56993460655;12433;-0.0376323759556;13666;-0.224931761622;14800;1.89225554466;16466;1.17938840389;18700;3.03069591522;20233;1.35314953327;22066;1.64298200607;23033;3.85515880585;24200;3.43203473091;24733;1.27793610096;26033;1.98276770115;26966;0.88286948204;29333;2.3341960907;32666;2.01690578461;34433;0.47574365139;34933;1.67882812023;35633;-0.136314958334;39566;0.357252597809;41366;1.63509702682;42733;-0.763172984123;
y;200;-4.42705965042;766;-11.9426717758;2266;-10.8019294739;3000;-10.7522583008;3433;-6.94916772842;4433;-5.31009674072;4733;-7.21333360672;5066;-7.55713605881;5633;-10.7266578674;6300;-9.52957630157;7200;-10.7243022919;8666;-8.26298999786;9166;-11.7159404755;10533;-8.84774112701;11733;-12.4711828232;12366;-2.93182563782;12933;-2.15285801888;13666;-1.70136857033;15133;-9.67809200287;15700;-9.7076625824;16133;-10.2084064484;16533;-4.69442939758;16833;-6.7360086441;17833;-8.17237567902;19000;-11.9818210602;19633;-10.6982793808;19966;-10.4353370667;20433;-5.03230476379;21833;-7.08892440796;22133;-6.83295440674;22666;-10.0528297424;24133;-10.5223970413;24833;-1.29368805885;26233;-4.14243936539;28633;-4.21754598618;29366;-11.2434215546;30033;-11.7093257904;30366;-12.8134231567;31100;-5.47539043427;31466;-6.09543132782;32566;-6.3804063797;33100;-4.15166139603;34033;-9.82652664185;34566;-10.1516628265;34933;-12.5866231918;35266;-6.80492019653;35633;-3.46577453613;37000;-5.07044172287;37400;-4.50692939758;37800;-7.99112844467;38666;-8.79895496368;39033;-10.9089431763;39300;-7.24057197571;39600;-5.63022661209;40533;-7.06736803055;41166;-6.25151968002;41533;-7.46831130981;42966;-3.83645510674;43533;-6.85665130615;43833;-4.42062711716;45066;-4.37762260437;
z;233;10.6497507095;833;26.3932685852;1866;29.6850357056;2533;31.1235294342;3433;24.2198143005;4500;21.3321380615;5133;17.9105567932;6733;25.2635498047;7133;25.2977771759;7500;21.5834999084;8700;23.591129303;9300;20.2478504181;10466;23.9097900391;10933;27.7109355927;12266;21.3576374054;13633;19.2648162842;14466;16.2832317352;15300;21.672246933;15733;25.3038578033;16333;24.0773696899;16666;21.313041687;17866;19.9106216431;18200;15.3641929626;18633;13.7769136429;18966;15.7329139709;19800;19.0349807739;20100;20.5154743195;20533;15.6702718735;21366;15.0040464401;21900;14.2369318008;22633;4.10246944427;23633;11.5988311768;24333;12.9245843887;24666;8.01521015167;25033;5.79542827606;25800;6.05403852463;26066;4.57892036438;26300;7.59254837036;26566;7.08282852173;26966;7.30922365189;27333;4.57623529434;27766;3.14025759697;28333;-1.10437190533;29400;12.5760421753;29766;15.7604913712;30166;20.4415931702;30666;16.9065036774;31033;10.3416070938;32233;6.71731996536;33166;-2.30853915215;33566;-0.916298210621;34433;16.3667888641;34800;15.0339612961;35100;15.6204805374;35533;9.55574798584;36600;5.4302945137;37200;3.26774525642;37966;9.5191783905;38766;20.6608524323;39500;16.700510025;40566;12.3823308945;41366;0.762308657169;41633;4.97304296494;42066;12.9793806076;42433;22.699716568;43266;27.5274925232;43533;29.241186142;43833;25.0034370422;44233;24.8533935547;44533;19.9503173828;44800;20.8824577332;45466;17.0995330811;
end;
object;Head_End;display;Head;mass;0.5;
scaling;
radius;0.01;
length;0.927891811384;
translation;
x;0.0;15.774162674;
y;0.0;2.17448820877e-06;
z;0.0;-4.19745760372e-11;
rotation;
x;0.0;-2.50779980115e-10;
y;0.0;0.000172999949427;
z;0.0;3.08150248429e-07;
end;
object;LeftShoulder;display;Spine2;mass;0.5;
scaling;
radius;0.01;
length;1.06527906463;
translation;
x;0.0;17.2655134583;
y;0.0;0.190718089342;
z;0.0;5.46154441833;
rotation;
x;0.0;84.1710662842;
y;0.0;24.7042045593;
z;0.0;-210.0990448;
end;
object;LeftArm;display;LeftShoulder;mass;0.5;
scaling;
radius;0.01;
length;0.867584313289;
translation;
x;0.0;-0.28990192771;
y;0.0;14.7460460663;
z;0.0;0.0349315306544;
rotation;
x;0.0;-118.241485596;
y;0.0;-36.8355865479;
z;0.0;109.335876465;
end;
object;LeftArmRoll;display;LeftArm;mass;0.5;
scaling;
radius;0.01;
length;0.789506011714;
translation;
x;0.0;13.4216213989;
y;0.0;4.91398210215e-06;
z;0.0;1.25491737435e-06;
rotation;
x;66;-30.0601673126;1033;-37.0516853333;2633;-37.5582695007;3700;-32.3840560913;5366;-34.9616088867;6700;-35.7768516541;7933;-31.9600658417;10666;-34.2483634949;11500;-32.7421340942;13600;-32.2266426086;15633;-35.1381187439;16600;-32.6272544861;17533;-32.216053009;19466;-34.6216773987;20366;-31.8142871857;21766;-31.46525383;23733;-34.4797325134;24700;-31.330280304;26466;-30.6609039307;30066;-35.2062225342;31233;-31.736831665;34333;-33.9000053406;35566;-31.2248916626;38733;-32.9764099121;39500;-30.2152824402;41433;-31.7901535034;43033;-35.0748100281;44433;-30.3415412903;45300;-30.7606754303;
y;0.0;1.18126266147e-13;
z;0.0;5.52529854758e-06;
end;
object;LeftForeArm;display;LeftArmRoll;mass;0.5;
scaling;
radius;0.01;
length;0.659791837084;
translation;
x;0.0;11.21647995;
y;0.0;3.23122903865e-06;
z;0.0;-1.78334113116e-06;
rotation;
x;200;3.02969169617;966;0.340841978788;2666;0.445433199406;3833;2.77416682243;6933;1.0260695219;7733;2.74576950073;9633;1.69923758507;13566;4.61200523376;15566;2.53652572632;16600;3.83545637131;18566;2.60365605354;21200;4.2587594986;22833;2.31981182098;24700;4.72177886963;26566;4.68974256516;30233;1.77047348022;33133;4.97734308243;34933;2.53409385681;37366;4.88015365601;38133;3.52323460579;39466;4.97424650192;42666;2.47202467918;44566;4.22833108902;
y;66;6.56200456619;833;9.37706947327;2533;9.70538043976;4333;7.92545318604;5700;9.61652851105;8266;8.2939748764;15600;9.76607036591;21200;8.38982582092;23766;9.80344390869;24700;8.2035446167;27166;8.12931632996;30133;10.0517988205;31200;8.65197753906;34433;9.5683631897;35600;8.35340023041;38700;9.26131153107;39500;8.04316425323;43000;10.080537796;44033;8.48983097076;
z;366;-99.4530792236;933;-106.058700562;1800;-105.600372314;3100;-105.971931458;3400;-103.939201355;3966;-103.163604736;4633;-104.038459778;5300;-109.285820007;6133;-107.581710815;7133;-108.873077393;7500;-106.219047546;8266;-105.722503662;9633;-110.530555725;10300;-107.850448608;11800;-108.010604858;12300;-105.3645401;13566;-105.124145508;15033;-109.1508255;16500;-106.797866821;18233;-108.558036804;18600;-110.334625244;19966;-108.228759766;20366;-106.237609863;22000;-106.920791626;22900;-112.513221741;24233;-110.435562134;24733;-105.459274292;28633;-109.09929657;30233;-113.952140808;31000;-109.861671448;32466;-108.613319397;34866;-112.22051239;35400;-108.210083008;36266;-108.1224823;37200;-107.197944641;38200;-111.566047668;39066;-109.871543884;39466;-106.756439209;41100;-109.482803345;42600;-113.615760803;43533;-112.510665894;43900;-109.980255127;44700;-110.855072021;45466;-110.956085205;
end;
object;LeftForeArmRoll;display;LeftForeArm;mass;0.5;
scaling;
radius;0.01;
length;1.01404099698;
translation;
x;0.0;17.2387174988;
y;0.0;1.61603738889e-06;
z;0.0;1.70993453139e-06;
rotation;
x;266;4.17606592178;933;0.372781217098;2666;0.515748918056;3866;3.97554922104;5300;1.48644697666;6100;2.35103178024;6900;1.4342648983;7766;3.99151921272;9633;2.49695706367;11966;4.87605190277;12400;6.35405635834;13633;6.71266412735;15566;3.72609615326;16600;5.62593460083;18566;3.84736871719;21200;6.2579331398;22833;3.47033619881;25366;7.04355144501;28866;5.14399003983;30233;2.67997336388;31033;4.98722934723;32533;5.48440551758;33100;7.37888431549;34966;3.78280830383;35433;5.31232500076;36966;5.5608253479;37366;7.20576572418;38600;5.17951345444;39466;7.33016681671;42833;3.69664263725;44533;6.31123161316;45466;5.52924966812;
y;0.0;1.7092197595e-06;
z;0.0;1.90465721062e-06;
end;
object;LeftHand;display;LeftForeArmRoll;mass;0.5;
scaling;
radius;0.01;
length;0.716919155676;
translation;
x;0.0;12.1876467133;
y;0.0;1.66750981407e-06;
z;0.0;6.90856459187e-07;
rotation;
x;24700;1.74507653713;43866;1.63279426098;
y;800;-13.9502573013;3466;-14.3909740448;7466;-13.1585597992;9833;-10.9457397461;16466;-11.2976140976;19300;-10.4571685791;21933;-11.1464252472;22733;-9.87031269073;24700;-11.503657341;28200;-9.56132793427;29566;-9.98976421356;30166;-11.2858562469;31566;-9.88722229004;32633;-10.3216142654;32933;-7.89402723312;33600;-7.62962532043;34333;-8.45813465118;34700;-10.9462757111;37300;-8.18640899658;39400;-10.1796569824;39900;-9.44595909119;40333;-10.9806928635;41400;-9.01793003082;43866;-9.25689888;44900;-7.21839904785;
z;666;-9.08048629761;3966;-10.0804729462;6066;-11.7973737717;13466;-15.1063051224;17400;-15.2327852249;18100;-14.1822748184;19266;-15.8990507126;22366;-14.4527206421;23100;-15.8348302841;27066;-15.1071844101;29466;-16.7821559906;30200;-14.7650098801;32566;-15.4327125549;33200;-19.93816185;34266;-18.6630706787;34666;-15.444568634;35500;-14.4968643188;36966;-15.6422739029;37333;-18.5411663055;37900;-17.73346138;40400;-15.536652565;40766;-16.9328918457;43666;-16.899805069;45333;-17.8604106903;
end;
object;LeftHandThumb1;display;LeftHand;mass;0.5;
scaling;
radius;0.01;
length;0.373403146773;
translation;
x;0.0;4.97380737305;
y;0.0;-3.84887187958;
z;0.0;-0.861866307259;
rotation;
x;0.0;46.3558120728;
y;0.0;29.4969654083;
z;0.0;-44.7597885132;
end;
object;LeftHandThumb2;display;LeftHandThumb1;mass;0.5;
scaling;
radius;0.01;
length;0.227491182846;
translation;
x;0.0;3.86684663773;
y;0.0;-0.0600568971038;
z;0.0;-0.0192118539661;
rotation;
x;0.0;16.3727035522;
y;0.0;23.7245407104;
z;0.0;24.155714035;
end;
object;LeftHandThumb3;display;LeftHandThumb2;mass;0.5;
scaling;
radius;0.01;
length;0.174968601667;
translation;
x;0.0;2.97437582016;
y;0.0;0.0198182608932;
z;0.0;0.0152509756386;
rotation;
x;0.0;0.310177564621;
y;0.0;6.3527765274;
z;0.0;0.623268246651;
end;
object;LeftHandThumb4;display;LeftHandThumb3;mass;0.5;
scaling;
radius;0.01;
length;0.181557452912;
translation;
x;0.0;3.08469255447;
y;0.0;0.0486711880565;
z;0.0;0.093548771143;
rotation;
x;0.0;-6.5098738844e-08;
y;0.0;14.500002861;
z;0.0;3.78279052526e-09;
end;
object;LeftHandIndex1;display;LeftHand;mass;0.5;
scaling;
radius;0.01;
length;0.617959881585;
translation;
x;0.0;10.0165877533;
y;0.0;-3.15745862961;
z;0.0;0.246001799107;
rotation;
x;0.0;91.5539703369;
y;0.0;8.44630622864;
z;0.0;0.823464810848;
end;
object;LeftHandIndex2;display;LeftHandIndex1;mass;0.5;
scaling;
radius;0.01;
length;0.279473221459;
translation;
x;0.0;4.75104618073;
y;0.0;-4.86969103804e-06;
z;0.0;1.91332767827e-06;
rotation;
x;0.0;5.16727595823e-05;
y;0.0;-0.000378146156436;
z;0.0;-0.0200979541987;
end;
object;LeftHandIndex3;display;LeftHandIndex2;mass;0.5;
scaling;
radius;0.01;
length;0.175569280779;
translation;
x;0.0;2.98467884064;
y;0.0;-1.05245359737e-05;
z;0.0;-8.51845684338e-07;
rotation;
x;0.0;0.00241132080555;
y;0.0;-0.79929625988;
z;0.0;-0.124172836542;
end;
object;LeftHandIndex4;display;LeftHandIndex3;mass;0.5;
scaling;
radius;0.01;
length;0.12971694122;
translation;
x;0.0;2.20518878937;
y;0.0;-5.63576060813e-06;
z;0.0;-1.52070620061e-06;
rotation;
x;0.0;0.000296508456813;
y;0.0;-1.18889021873;
z;0.0;-0.182803198695;
end;
object;LeftHandMiddle1;display;LeftHand;mass;0.5;
scaling;
radius;0.01;
length;0.581299012899;
translation;
x;0.0;9.83353672028;
y;0.0;-0.767643036842;
z;0.0;0.606782691479;
rotation;
x;0.0;88.2678375244;
y;0.0;10.2793617249;
z;0.0;0.543440937996;
end;
object;LeftHandMiddle2;display;LeftHandMiddle1;mass;0.5;
scaling;
radius;0.01;
length;0.323622722409;
translation;
x;0.0;5.50158660889;
y;0.0;-9.88010842775e-07;
z;0.0;-2.80743055555e-06;
rotation;
x;0.0;-0.000220992675168;
y;0.0;3.9027112507e-05;
z;0.0;-0.000262559420662;
end;
object;LeftHandMiddle3;display;LeftHandMiddle2;mass;0.5;
scaling;
radius;0.01;
length;0.184011336805;
translation;
x;0.0;3.12819253922;
y;0.0;1.17418944137e-05;
z;0.0;4.53897634998e-07;
rotation;
x;0.0;0.000122860612464;
y;0.0;-2.72966008197e-05;
z;0.0;-0.000956209085416;
end;
object;LeftHandMiddle4;display;LeftHandMiddle3;mass;0.5;
scaling;
radius;0.01;
length;0.13346431574;
translation;
x;0.0;2.26889323235;
y;0.0;4.1389668695e-06;
z;0.0;-2.6393830808e-07;
rotation;
x;0.0;0.000156944603077;
y;0.0;-0.00027317693457;
z;0.0;-0.000327827467117;
end;
object;LeftHandRing1;display;LeftHand;mass;0.5;
scaling;
radius;0.01;
length;0.582413361442;
translation;
x;0.0;9.76479846954;
y;0.0;1.55870740891;
z;0.0;0.499819829464;
rotation;
x;0.0;86.2549591064;
y;0.0;8.83938694;
z;0.0;0.185938835144;
end;
object;LeftHandRing2;display;LeftHandRing1;mass;0.5;
scaling;
radius;0.01;
length;0.30068845864;
translation;
x;0.0;5.11170410156;
y;0.0;1.06674934068e-05;
z;0.0;4.21318356985e-07;
rotation;
x;0.0;2.15145591937e-05;
y;0.0;4.6356839448e-05;
z;0.0;-0.000432959786849;
end;
object;LeftHandRing3;display;LeftHandRing2;mass;0.5;
scaling;
radius;0.01;
length;0.152706529449;
translation;
x;0.0;2.59601161957;
y;0.0;4.13047731854e-06;
z;0.0;7.64391234043e-07;
rotation;
x;0.0;-0.000109324348159;
y;0.0;-5.46192059119e-05;
z;0.0;-0.000136585382279;
end;
object;LeftHandRing4;display;LeftHandRing3;mass;0.5;
scaling;
radius;0.01;
length;0.127448295987;
translation;
x;0.0;2.16662258148;
y;0.0;3.13890934649e-07;
z;0.0;-8.92053873258e-08;
rotation;
x;0.0;0.000130063519464;
y;0.0;-2.72923898592e-05;
z;0.0;-0.0017758263275;
end;
object;LeftHandPinky1;display;LeftHand;mass;0.5;
scaling;
radius;0.01;
length;0.601504962597;
translation;
x;0.0;9.62558204651;
y;0.0;3.4424315834;
z;0.0;-0.24653111577;
rotation;
x;0.0;81.3003082275;
y;0.0;1.2205286026;
z;0.0;1.50335907936;
end;
object;LeftHandPinky2;display;LeftHandPinky1;mass;0.5;
scaling;
radius;0.01;
length;0.198945281574;
translation;
x;0.0;3.38206998825;
y;0.0;2.58605687122e-05;
z;0.0;-2.80962483885e-06;
rotation;
x;0.0;9.03912587091e-06;
y;0.0;0.000193346873857;
z;0.0;-0.000222269402002;
end;
object;LeftHandPinky3;display;LeftHandPinky2;mass;0.5;
scaling;
radius;0.01;
length;0.129042403615;
translation;
x;0.0;2.19372203827;
y;0.0;8.18664184408e-07;
z;0.0;1.56866208272e-06;
rotation;
x;0.0;-0.000184840013389;
y;0.0;-0.000218551489525;
z;0.0;0.000901602848899;
end;
object;LeftHandPinky4;display;LeftHandPinky3;mass;0.5;
scaling;
radius;0.01;
length;0.108131742134;
translation;
x;0.0;1.83794617653;
y;0.0;0.0310748161376;
z;0.0;-0.0108410437405;
rotation;
x;0.0;0.000184540636837;
y;0.0;0.000881302345078;
z;0.0;0.00070006592432;
end;
object;RightShoulder;display;Spine2;mass;0.5;
scaling;
radius;0.01;
length;1.05661815701;
translation;
x;0.0;17.2655082703;
y;0.0;0.191233321428;
z;0.0;-4.95149837494;
rotation;
x;0.0;86.3979568481;
y;0.0;22.9238452911;
z;0.0;-11.8384199142;
end;
object;RightArm;display;RightShoulder;mass;0.5;
scaling;
radius;0.01;
length;0.867582863915;
translation;
x;0.0;0.289901887178;
y;0.0;-14.7460214233;
z;0.0;-0.0349313381314;
rotation;
x;0.0;-147.332962036;
y;0.0;-10.5185890198;
z;0.0;107.359741211;
end;
object;RightArmRoll;display;RightArm;mass;0.5;
scaling;
radius;0.01;
length;0.789506149292;
translation;
x;0.0;-13.421604538;
y;0.0;-3.80159395718e-06;
z;0.0;1.61485969329e-06;
rotation;
x;766;-36.7560272217;2166;-37.9665679932;2800;-36.4991874695;3500;-29.5382976532;4466;-30.441947937;6000;-36.3116645813;6933;-35.4122619629;7466;-28.9634304047;8666;-29.4347515106;9300;-33.1459007263;10566;-35.3458023071;12266;-28.5971508026;13600;-29.1795940399;14233;-33.6578178406;14966;-35.1905174255;15733;-35.0807762146;16466;-30.2439517975;17433;-29.732963562;18066;-33.2926139832;19100;-36.6632118225;19666;-35.5660057068;20500;-28.9453849792;21800;-29.2881031036;22433;-32.8923606873;23666;-34.5526313782;24500;-28.6446666718;25166;-27.6191558838;28366;-30.3873329163;29633;-35.7882728577;30266;-34.3877334595;30833;-28.7293777466;32366;-28.5398311615;34300;-36.8251991272;35466;-29.1403808594;37066;-29.8396453857;38366;-34.3864631653;39266;-28.620803833;39733;-28.1618995667;42533;-34.8167495728;43400;-32.3355407715;43933;-26.8882427216;44933;-26.5390758514;
y;0.0;2.72265569947e-05;
z;0.0;7.68348945712e-06;
end;
object;RightForeArm;display;RightArmRoll;mass;0.5;
scaling;
radius;0.01;
length;0.659791793823;
translation;
x;0.0;-11.216460495;
y;0.0;-3.36474542564e-06;
z;0.0;6.81548783177e-06;
rotation;
x;2333;1.0496789217;3100;2.70217704773;6733;0.917663156986;7300;2.83939552307;8166;3.18843245506;9966;0.517241895199;12333;4.01735115051;15533;0.733108878136;16333;3.36516547203;16700;2.67975664139;17600;3.8412539959;18166;1.56243431568;19500;0.460242152214;20400;4.51855421066;22133;3.82566976547;23800;1.17570030689;25233;5.39294338226;30000;1.48084712029;30766;3.623285532;33300;4.61348056793;34633;1.36401128769;35766;3.39500880241;37666;4.39761018753;38666;1.78562045097;39233;4.04785680771;40733;4.09602165222;42633;1.1519575119;43833;4.11572599411;45466;4.15255069733;
y;200;3.15816450119;1066;5.19040298462;2733;5.06024456024;3466;3.27200365067;6833;5.53154277802;7533;3.08942317963;9933;5.31915235519;11900;3.92720341682;14933;5.66605234146;17466;4.27675533295;19533;5.87559843063;20433;4.08629751205;23666;5.52863025665;24566;3.79182577133;26033;3.6395907402;29666;5.71520757675;32533;3.95518422127;34333;6.07218742371;35400;4.16943645477;38400;5.64022541046;39400;3.90830135345;42466;6.01700305939;43866;3.86626434326;
z;300;-97.8044052124;1033;-104.229888916;1933;-102.938079834;2766;-103.510475159;3466;-98.7810440063;3866;-100.216926575;4666;-102.202606201;5366;-106.967376709;6466;-106.042701721;6966;-107.216362;7533;-97.7923431396;9366;-104.373397827;9800;-107.371498108;11833;-102.883369446;12600;-105.673805237;13500;-105.562484741;14933;-109.432594299;15766;-108.408378601;16466;-105.27911377;17633;-105.700134277;19600;-109.274124146;20400;-104.505332947;21033;-106.051948547;22266;-105.8227005;23466;-109.138900757;24033;-108.126091003;24533;-103.60496521;25966;-103.004852295;27566;-105.974136353;28833;-107.090286255;29366;-109.01625061;30166;-108.505195618;30766;-105.214904785;32666;-104.915359497;34500;-109.605995178;35266;-105.987190247;35733;-107.096305847;37033;-106.112113953;38333;-109.908508301;39366;-104.802009583;40533;-106.116065979;40933;-109.341140747;41333;-109.249595642;42433;-112.847427368;43366;-110.314147949;43800;-106.941375732;45466;-106.191345215;
end;
object;RightForeArmRoll;display;RightForeArm;mass;0.5;
scaling;
radius;0.01;
length;1.0140411377;
translation;
x;0.0;-17.2386993408;
y;0.0;-1.64718934684e-06;
z;0.0;2.94261646559e-06;
rotation;
x;2333;1.37412917614;3100;3.80505633354;6733;1.25098752975;7300;4.00410509109;7666;3.45009446144;8200;4.50654363632;9933;0.671062648296;12333;5.84932184219;15533;1.01469922066;16333;4.89548826218;16700;3.8753798008;17600;5.61394453049;18166;2.23281002045;19500;0.613843977451;20400;6.60651302338;22133;5.5934753418;22433;3.66191840172;22800;3.53255701065;23633;1.56213378906;24366;5.17981910706;24900;6.06541967392;25233;7.89721727371;27033;7.21491384506;27866;3.88924527168;29500;3.77433919907;30000;2.13735246658;30766;5.27796220779;32800;5.12147521973;33300;6.7868719101;34266;4.38304138184;34633;1.97225058079;35133;4.33432531357;35800;4.98495578766;37033;5.26948547363;37666;6.48626852036;38700;2.6023478508;39233;5.91234731674;40266;4.76169252396;40733;6.03348016739;42600;1.73108994961;43300;2.89271640778;43833;6.05111122131;45466;6.09285211563;
y;0.0;1.11314454898e-06;
z;0.0;-2.79556320493e-06;
end;
object;RightHand;display;RightForeArmRoll;mass;0.5;
scaling;
radius;0.01;
length;0.716919250488;
translation;
x;0.0;-12.1876272583;
y;0.0;-1.90180197023e-06;
z;0.0;8.0813468594e-06;
rotation;
x;19333;3.29618930817;22133;4.22814655304;23933;3.3325984478;25233;4.44556188583;36633;3.10142731667;45433;3.3407523632;
y;533;-26.7478561401;900;-28.8973884583;3000;-29.2395973206;3466;-27.6327610016;4533;-27.4318656921;4900;-28.7901744843;5466;-27.2539405823;7266;-28.2286815643;7833;-25.0303096771;8733;-25.3756790161;9366;-27.6838417053;9933;-25.5229129791;10733;-26.1006603241;11400;-25.14320755;11766;-26.5999908447;16366;-25.8018321991;16666;-24.5186538696;17733;-25.4666633606;18166;-23.89985466;18700;-24.8882389069;19400;-23.5445632935;20366;-25.7353725433;21166;-24.6424598694;22133;-26.1785945892;22500;-23.5216808319;23100;-24.48853302;23900;-22.9386348724;24300;-23.8005275726;24633;-22.4977149963;25166;-25.5079250336;27033;-26.1382236481;27966;-22.3977050781;28633;-23.0232944489;29533;-20.7876911163;30366;-21.4526424408;31066;-20.1088867188;32400;-21.4052066803;34066;-15.8608045578;34400;-17.2764644623;34733;-20.8373527527;35333;-19.4871330261;36200;-20.4409980774;37300;-18.8174514771;38233;-21.1903572083;40933;-18.624710083;41900;-21.1268863678;43133;-20.4928417206;43666;-21.4873828888;44133;-20.1662101746;45333;-21.3731651306;
z;533;-12.125752449;933;-14.3247156143;2933;-14.794418335;3466;-12.7736854553;6966;-14.7635135651;7533;-12.7124414444;8300;-14.2627944946;9066;-12.675447464;9366;-14.2096071243;10100;-13.8979282379;12400;-16.7955799103;14033;-16.696428299;15500;-14.757396698;17633;-16.747253418;18133;-15.1699666977;19200;-14.7681980133;20333;-17.675868988;23566;-15.1596679688;24866;-16.6672267914;25233;-18.4563560486;27033;-17.724199295;27933;-15.0360765457;29466;-18.1530628204;30033;-16.1131706238;32633;-16.5991821289;33266;-20.5420188904;34000;-21.2831764221;34366;-19.9521751404;34700;-16.5533218384;35666;-17.1065158844;37000;-17.4369983673;37633;-20.5413780212;38100;-18.1632671356;38666;-16.7632331848;39133;-17.6618423462;40300;-16.6721172333;40966;-19.3336200714;42233;-17.249414444;45066;-16.5340118408;
end;
object;RightHandThumb1;display;RightHand;mass;0.5;
scaling;
radius;0.01;
length;0.373403089482;
translation;
x;0.0;-4.97379796982;
y;0.0;3.84886539459;
z;0.0;0.861864929199;
rotation;
x;0.0;46.3558120728;
y;0.0;29.4969654083;
z;0.0;-44.7597885132;
end;
object;RightHandThumb2;display;RightHandThumb1;mass;0.5;
scaling;
radius;0.01;
length;0.227491362514;
translation;
x;0.0;-3.86683917999;
y;0.0;0.0600524184108;
z;0.0;0.0192080744356;
rotation;
x;0.0;16.3726577759;
y;0.0;23.7244987488;
z;0.0;24.1557617188;
end;
object;RightHandThumb3;display;RightHandThumb2;mass;0.5;
scaling;
radius;0.01;
length;0.174968780826;
translation;
x;0.0;-2.97436414719;
y;0.0;-0.0198189524561;
z;0.0;-0.0152509503067;
rotation;
x;0.0;0.310177624226;
y;0.0;6.3527765274;
z;0.0;0.623267769814;
end;
object;RightHandThumb4;display;RightHandThumb3;mass;0.5;
scaling;
radius;0.01;
length;0.181557615456;
translation;
x;0.0;-3.08467731476;
y;0.0;-0.0486786812544;
z;0.0;-0.0935506558418;
rotation;
x;0.0;2.01384020571e-09;
y;0.0;14.500002861;
z;0.0;1.97594030027e-08;
end;
object;RightHandIndex1;display;RightHand;mass;0.5;
scaling;
radius;0.01;
length;0.617959836894;
translation;
x;0.0;-10.0165695953;
y;0.0;3.15745344162;
z;0.0;-0.246005041599;
rotation;
x;0.0;91.5539703369;
y;0.0;8.44630622864;
z;0.0;0.823464810848;
end;
object;RightHandIndex2;display;RightHandIndex1;mass;0.5;
scaling;
radius;0.01;
length;0.279472944768;
translation;
x;0.0;-4.75104034424;
y;0.0;-7.03086820977e-07;
z;0.0;-1.77559032636e-06;
rotation;
x;0.0;5.52911806153e-05;
y;0.0;-0.000374616676709;
z;0.0;-0.0200996417552;
end;
object;RightHandIndex3;display;RightHandIndex2;mass;0.5;
scaling;
radius;0.01;
length;0.175569352176;
translation;
x;0.0;-2.98467916489;
y;0.0;1.13920302283e-06;
z;0.0;8.36972735669e-07;
rotation;
x;0.0;0.00241136993282;
y;0.0;-0.799296200275;
z;0.0;-0.124172836542;
end;
object;RightHandIndex4;display;RightHandIndex3;mass;0.5;
scaling;
radius;0.01;
length;0.129716750997;
translation;
x;0.0;-2.20518489838;
y;0.0;8.65050547873e-06;
z;0.0;1.5381531648e-06;
rotation;
x;0.0;0.000296555052046;
y;0.0;-1.18889021873;
z;0.0;-0.182803198695;
end;
object;RightHandMiddle1;display;RightHand;mass;0.5;
scaling;
radius;0.01;
length;0.581298955707;
translation;
x;0.0;-9.83351856232;
y;0.0;0.767641820908;
z;0.0;-0.60678552866;
rotation;
x;0.0;88.2678375244;
y;0.0;10.2793750763;
z;0.0;0.543441951275;
end;
object;RightHandMiddle2;display;RightHandMiddle1;mass;0.5;
scaling;
radius;0.01;
length;0.32362285614;
translation;
x;0.0;-5.50158855438;
y;0.0;-5.3791506798e-06;
z;0.0;2.44735364504e-06;
rotation;
x;0.0;-0.000218828819925;
y;0.0;3.36628327204e-05;
z;0.0;-0.000260334345512;
end;
object;RightHandMiddle3;display;RightHandMiddle2;mass;0.5;
scaling;
radius;0.01;
length;0.184011402133;
translation;
x;0.0;-3.12819383621;
y;0.0;-1.7270025055e-05;
z;0.0;-4.45752834821e-07;
rotation;
x;0.0;0.000122999656014;
y;0.0;-2.72893103102e-05;
z;0.0;-0.000956214324106;
end;
object;RightHandMiddle4;display;RightHandMiddle3;mass;0.5;
scaling;
radius;0.01;
length;0.133464450836;
translation;
x;0.0;-2.26889566422;
y;0.0;-1.19446442113e-06;
z;0.0;-3.6609941958e-08;
rotation;
x;0.0;0.00015719718067;
y;0.0;-0.000273167999694;
z;0.0;-0.000327833957272;
end;
object;RightHandRing1;display;RightHand;mass;0.5;
scaling;
radius;0.01;
length;0.582413369533;
translation;
x;0.0;-9.76478160858;
y;0.0;-1.55870481491;
z;0.0;-0.499822382927;
rotation;
x;0.0;86.2549591064;
y;0.0;8.83938884735;
z;0.0;0.185939997435;
end;
object;RightHandRing2;display;RightHandRing1;mass;0.5;
scaling;
radius;0.01;
length;0.300688686373;
translation;
x;0.0;-5.1117076683;
y;0.0;-1.7613998134e-05;
z;0.0;-1.08319097308e-06;
rotation;
x;0.0;2.31908652495e-05;
y;0.0;5.22549344169e-05;
z;0.0;-0.000431322609074;
end;
object;RightHandRing3;display;RightHandRing2;mass;0.5;
scaling;
radius;0.01;
length;0.152706727982;
translation;
x;0.0;-2.59601437569;
y;0.0;2.23031394853e-06;
z;0.0;-6.38327323941e-07;
rotation;
x;0.0;-0.000109279077151;
y;0.0;-5.46100709471e-05;
z;0.0;-0.000136590591865;
end;
object;RightHandRing4;display;RightHandRing3;mass;0.5;
scaling;
radius;0.01;
length;0.127448348999;
translation;
x;0.0;-2.16662193298;
y;0.0;-4.37513062934e-06;
z;0.0;-3.33173941272e-07;
rotation;
x;0.0;0.000130285465275;
y;0.0;-2.72811575996e-05;
z;0.0;-0.00177583273035;
end;
object;RightHandPinky1;display;RightHand;mass;0.5;
scaling;
radius;0.01;
length;0.601505012991;
translation;
x;0.0;-9.62556648254;
y;0.0;-3.44242574692;
z;0.0;0.246528805494;
rotation;
x;0.0;81.3003082275;
y;0.0;1.2205286026;
z;0.0;1.50335919857;
end;
object;RightHandPinky2;display;RightHandPinky1;mass;0.5;
scaling;
radius;0.01;
length;0.198945274357;
translation;
x;0.0;-3.382069664;
y;0.0;-2.03694737138e-05;
z;0.0;2.76864375337e-06;
rotation;
x;0.0;1.39315643537e-05;
y;0.0;0.000176527144504;
z;0.0;-0.000225338008022;
end;
object;RightHandPinky3;display;RightHandPinky2;mass;0.5;
scaling;
radius;0.01;
length;0.129042453766;
translation;
x;0.0;-2.19372171402;
y;0.0;-4.04573704145e-06;
z;0.0;-2.04160744033e-06;
rotation;
x;0.0;-0.000191237573745;
y;0.0;-0.000218533838051;
z;0.0;0.000901600054931;
end;
object;RightHandPinky4;display;RightHandPinky3;mass;0.5;
scaling;
radius;0.01;
length;0.108920679096;
translation;
x;0.0;-1.85165154457;
y;0.0;1.46450437751e-05;
z;0.0;2.6893483664e-06;
rotation;
x;0.0;0.000184707241715;
y;0.0;0.000881354149897;
z;0.0;0.00070009205956;
end;
object;LeftUpLeg;display;Hips;mass;0.5;
scaling;
radius;0.01;
length;0.584106652393;
translation;
x;0.0;9.61297523499;
y;0.0;-2.21136281967;
z;0.0;-1.14095170498;
rotation;
x;0.0;-7.64900159836;
y;0.0;83.833732605;
z;0.0;-7.02566814423;
end;
object;LeftUpLegRoll;display;LeftUpLeg;mass;0.5;
scaling;
radius;0.01;
length;1.12510528564;
translation;
x;0.0;19.126789856;
y;0.0;8.53464725878e-07;
z;0.0;3.4456692083e-06;
rotation;
x;2933;-1.98028159142;3766;-0.079020395875;5000;-1.70679461956;7033;-1.67304003239;7766;0.472027480602;9433;-1.40305745602;10900;-0.804604232311;11966;-1.93355894089;12566;-0.131938993931;16100;-1.41733038425;17000;-0.077852845192;20100;-1.0466594696;20800;0.216246411204;22400;-0.736338317394;23733;0.263340294361;24433;-1.37025868893;25400;-0.225450962782;28666;-1.88516187668;31266;-0.373562783003;33433;-1.49848878384;35566;-0.233112230897;39000;-1.2588493824;39633;0.144194468856;43633;-1.22405469418;44233;0.0509382002056;
y;0.0;1.57157060698e-08;
z;0.0;3.5091807149e-07;
end;
object;LeftLeg;display;LeftUpLegRoll;mass;0.5;
scaling;
radius;0.01;
length;1.29020858765;
translation;
x;0.0;21.93354599;
y;0.0;-3.39430106067e-08;
z;0.0;1.19104806799e-05;
rotation;
x;566;-1.01549863815;1300;1.11199462414;2866;0.359643936157;3333;-7.32881259918;3766;-8.65819549561;4466;-7.59336614609;5133;0.0540655441582;6733;1.03868508339;7066;-0.713099122047;7366;-7.19899940491;7700;-8.9211769104;8766;-7.86677646637;9533;-0.190705537796;10666;1.44892334938;11700;-0.579152286053;12466;-8.02459430695;13733;-6.59568691254;14433;-0.726373910904;15766;0.415292084217;16166;-2.02376127243;16800;-9.33360862732;17766;-7.84868383408;18233;-1.96930837631;18700;0.393986284733;19833;-0.140156134963;20400;-7.40439987183;20866;-8.8858499527;22033;-7.34104442596;22666;-0.912685334682;23666;0.949829041958;24233;-0.964242219925;24900;-8.96670150757;27233;-7.21173667908;28133;-6.80240631104;28866;-0.840887844563;29466;0.780780255795;30400;-0.495636880398;30866;-7.17895126343;31233;-8.80899047852;32766;-7.75599813461;33533;-1.06821477413;34500;0.522045075893;34933;-1.04188418388;35366;-7.51339149475;36233;-7.95625209808;37033;-7.88805341721;37766;-1.22250235081;38633;0.949210643768;38966;-0.46705198288;39300;-7.37621831894;39600;-9.07057189941;40933;-6.83425569534;41633;-0.82128405571;42933;-0.0927900895476;43466;-1.29749548435;44133;-8.8385477066;
y;533;2.38155341148;1200;0.22941108048;2566;-0.0823129937053;3066;3.47027397156;3433;-1.79638671875;3800;-3.52292060852;4433;-2.32170128822;4866;2.74088382721;5933;-0.989042282104;6766;-0.625087738037;7166;3.15206313133;7566;-3.02220082283;8133;-4.08613967896;8800;-2.19854617119;9300;2.60072660446;9900;0.0720902532339;10633;-0.755722999573;11900;3.67934465408;12566;-3.08361768723;13633;-2.28348493576;14200;2.21264410019;14866;-0.349854260683;15466;-1.29139733315;16233;2.94160699844;16633;-2.50112295151;17100;-4.14277982712;17700;-2.81374239922;18233;1.72681903839;18766;-0.73496735096;19400;-1.57136631012;20133;2.2846596241;20500;-2.52743315697;20933;-3.88681483269;21966;-2.31159949303;22466;1.36555552483;23066;-1.14919626713;23800;-1.7809292078;24400;2.52569890022;24800;-2.1963698864;25300;-3.27783846855;27966;-1.50557148457;28633;2.25661683083;29166;-0.205406099558;30000;-1.40758728981;30633;2.49615550041;31133;-2.85204911232;32433;-2.88354897499;33300;2.0941221714;34500;-1.39061331749;35066;2.39314055443;35400;-2.23698472977;35833;-3.43601536751;37100;-2.4904255867;37633;1.28955459595;38566;-1.12683427334;39100;2.58950519562;39400;-2.19638872147;39700;-3.76085710526;40766;-2.21470975876;41266;0.756232440472;43066;-1.12913739681;43600;2.06432461739;44200;-3.48176836967;
z;33;17.2897891998;233;28.50664711;466;55.3805770874;766;79.8967971802;1433;95.9390716553;1900;97.1266098022;2366;97.216835022;2800;88.1870193481;3066;60.5630455017;3433;17.210149765;3833;13.5343027115;4333;13.9893159866;4533;22.096326828;4766;45.2222938538;5033;68.5978775024;5566;95.8941192627;6000;100.302246094;6500;100.556007385;6900;90.9467163086;7100;69.2034225464;7333;32.9077301025;7500;17.7429981232;7900;13.5509004593;8533;14.1941680908;9000;27.3070602417;9633;80.4982757568;10766;101.440238953;11266;91.8621063232;11633;74.8345184326;11900;52.9829711914;12233;22.0470848083;12766;12.6724176407;13200;13.6571187973;13700;19.1023426056;14533;79.8288574219;15466;100.446243286;16066;76.0869216919;16433;31.5799789429;16733;13.9839353561;17333;13.0414075851;17800;19.6633796692;18366;70.8220214844;19100;100.267173767;19733;90.2573165894;20100;55.4115562439;20400;22.789182663;20666;15.0726366043;20933;14.4071741104;21500;15.7112922668;22033;19.8535900116;22366;45.8723144531;22766;78.64037323;23733;100.090255737;24200;77.9204101563;24533;34.5229530334;24833;13.5159873962;25366;12.6587524414;26033;12.0711069107;27933;19.9524898529;28333;31.9199981689;29000;82.6817398071;29900;100.86341095;30400;82.4590911865;30900;24.2205867767;31366;11.3736543655;32233;12.5267362595;32800;18.7181606293;33566;76.5334625244;34000;97.2384414673;34400;100.845916748;34833;84.0908126831;35266;26.6925811768;35666;11.1279706955;36566;13.040391922;37200;17.5257587433;37800;70.5388641357;38533;99.0244369507;38933;79.77003479;39300;26.0329551697;39600;12.0157165527;40233;11.9036054611;40600;14.6158466339;40833;19.2189350128;41266;50.9130859375;41633;77.016746521;42166;92.4395370483;42833;97.2971115112;43400;81.9840545654;43800;30.0121421814;44066;14.3403224945;44700;13.9705238342;
end;
object;LeftLegRoll;display;LeftLeg;mass;0.5;
scaling;
radius;0.01;
length;1.83400421143;
translation;
x;0.0;31.1780715942;
y;0.0;-3.28712976625e-07;
z;0.0;-7.77080181251e-07;
rotation;
x;566;-1.63605642319;1300;1.5442647934;2233;1.3991792202;2866;0.306683391333;3366;-11.4613304138;3766;-13.0080595016;4466;-11.3307218552;5133;-0.0788803249598;5933;1.48763656616;6733;1.42316794395;7066;-1.35530602932;7400;-11.3389549255;7700;-13.4009990692;8766;-11.8065328598;9533;-0.451181590557;10666;2.03594660759;11700;-1.02754080296;12500;-12.0428543091;13733;-9.88422107697;14433;-1.24606466293;15766;0.473412632942;16166;-3.226313591;16500;-11.6748914719;16800;-14.016462326;17766;-11.749341011;18233;-3.04946351051;18733;0.532271742821;19833;-0.424678713083;20400;-10.9899730682;20866;-13.3511152267;22033;-11.0021562576;22666;-1.52073585987;23700;1.30032777786;24233;-1.71362531185;24900;-13.4577388763;27233;-10.8420801163;28133;-10.2296981812;28866;-1.43390798569;29466;1.04710245132;30400;-0.980100274086;30866;-10.6161899567;31233;-13.228427887;32100;-12.6747512817;32766;-11.6277742386;33533;-1.76409673691;34500;0.660617470741;34933;-1.82245826721;35366;-11.1744403839;36200;-11.984919548;37033;-11.847990036;37366;-9.35219573975;37733;-2.35528516769;38633;1.29588234425;38966;-0.980316102505;39300;-10.7750959396;39600;-13.6219158173;40933;-10.2431726456;41633;-1.36028492451;42933;-0.26064157486;43466;-2.20281052589;44133;-13.277381897;
y;0.0;-1.9789963801e-07;
z;0.0;-2.76083625295e-07;
end;
object;LeftFoot;display;LeftLegRoll;mass;0.5;
scaling;
radius;0.01;
length;0.710662536621;
translation;
x;0.0;12.0812631226;
y;0.0;1.50563704665e-06;
z;0.0;2.08744031625e-06;
rotation;
x;533;-9.2303352356;1833;-9.16687679291;3000;-8.93875026703;3466;-0.20020185411;3833;-0.71200722456;4333;-0.358405143023;4866;-8.95156669617;5466;-9.61551094055;6633;-10.7883815765;7166;-8.72625827789;7500;-0.557791233063;7900;-0.855559229851;8666;-0.176438942552;9333;-8.32217121124;10900;-10.308131218;11933;-8.08729076385;12400;-0.112395443022;13300;0.237398639321;13733;-1.52042198181;14066;-8.04793357849;14466;-9.99802303314;16166;-9.89996242523;16533;-1.92290532589;16766;0.109756432474;17766;-0.98451679945;18200;-9.93798923492;19433;-11.4157400131;20100;-9.44821643829;20500;-0.606533169746;21033;-0.952000558376;21866;-0.000871612632181;22166;-2.82284641266;22466;-9.31438446045;23766;-12.2568731308;24400;-8.79992008209;24900;0.492009669542;25466;-0.372728586197;27233;-0.529699385166;27966;-1.472443223;28533;-9.02869224548;29300;-11.6083259583;30600;-9.93410396576;31066;-0.265995830297;31600;-0.0302357394248;32366;0.376197040081;32833;-1.59770476818;33266;-9.13046073914;34600;-10.5488739014;35066;-8.21917152405;35533;0.441452592611;36366;-0.096909865737;37100;-0.716240763664;37633;-10.2958288193;38566;-11.4590864182;39100;-8.9959821701;39433;-0.515227138996;39800;-0.0676432326436;40600;-0.485059946775;40966;-2.49682307243;41333;-11.1043205261;41966;-11.4194116592;43133;-11.7948827744;43633;-8.29985237122;43966;-0.479157656431;44400;-0.739337801933;45100;0.120836801827;
y;433;3.84337973595;2133;2.53010249138;3133;3.47115731239;3533;-0.124650575221;4400;0.29572853446;4833;3.8318502903;5600;2.61657547951;7166;3.72485017776;7500;0.321212828159;8700;0.107136756182;9266;3.64028978348;10366;2.64520931244;11966;3.39455080032;12400;-0.0475555174053;13366;-0.26647785306;13733;0.784837305546;14133;4.11456203461;15400;3.16482186317;16266;4.02425813675;16733;-0.135558784008;17733;0.321493178606;18133;4.22049188614;18900;2.97688484192;20100;4.09803533554;20500;0.330266028643;21000;0.886559665203;21866;-0.0158987212926;22466;4.26208162308;23366;3.38559103012;24400;3.87038898468;24900;-0.446943551302;27866;0.548265039921;28566;4.11003684998;29933;2.92790770531;30666;4.09363365173;31066;0.0767803117633;32400;-0.346837371588;32800;0.566982448101;33200;4.05103540421;33866;3.05550527573;35033;3.63735222816;35500;-0.354730755091;37033;0.122032962739;37633;4.34969043732;38500;2.96797847748;39133;3.68880605698;39433;0.21705840528;39933;-0.103416517377;40900;0.72725635767;41300;4.77252388;42433;3.19410037994;43633;3.69236302376;43966;0.285398304462;44433;0.735998809338;45133;-0.203446730971;
z;600;-71.3744049072;1366;-76.4291763306;2266;-76.555015564;2833;-75.4879150391;3100;-67.1729812622;3400;-53.0007820129;3666;-49.976890564;4200;-50.1560325623;4500;-53.6304283142;4966;-70.4076766968;5666;-77.7993545532;6366;-77.1343078613;6933;-74.9738082886;7466;-51.7360534668;8166;-47.6018867493;8966;-54.2330627441;9666;-74.4201660156;11033;-79.2051467896;11766;-72.5142288208;12533;-49.6647186279;13266;-50.6630020142;13733;-53.6428565979;14300;-69.4026641846;14933;-76.9862136841;15466;-76.9548950195;16000;-74.1940765381;16533;-54.0157203674;17100;-48.4182128906;17800;-53.3538818359;18333;-72.2949676514;18966;-79.1527557373;19866;-74.8671951294;20433;-52.857635498;20966;-47.6856002808;21966;-50.5873908997;22733;-72.8367462158;23766;-78.9497528076;24233;-73.4672470093;24666;-54.4844436646;25300;-47.7792053223;26400;-50.4440765381;27533;-52.56042099;28100;-54.985332489;28833;-75.1264724731;29333;-80.9713668823;29866;-80.2555236816;30366;-76.7980575562;30933;-54.3074836731;31566;-48.4576873779;32300;-49.8691062927;32800;-52.8312492371;33400;-69.6917419434;34033;-77.798538208;34433;-77.4825057983;34866;-73.9708938599;35266;-55.3981132507;35633;-48.6457061768;36600;-50.524017334;37200;-53.6859779358;37766;-72.8343505859;38466;-79.9143600464;38966;-74.1296539307;39300;-56.2515716553;39633;-49.8612632751;40166;-50.9147262573;40866;-54.2290916443;41633;-75.665687561;42466;-78.9050521851;43166;-79.4562683105;43500;-72.1099319458;43900;-52.4678192139;44233;-46.8130531311;45200;-51.4265060425;
end;
object;LeftToeBase;display;LeftFoot;mass;0.5;
scaling;
radius;0.01;
length;0.647396850586;
translation;
x;0.0;11.00574646;
y;0.0;3.44852987837e-07;
z;0.0;-4.62661722622e-08;
rotation;
x;7266;-0.0103312171996;7833;-1.22481060028;9300;-0.00203524227254;17066;-1.005828619;18366;0.00467413384467;21466;-1.33617198467;22400;-0.00674760434777;24700;-0.0381415188313;25333;-1.23528301716;26533;-0.0114695923403;38633;0.0247315019369;43733;-0.0111379520968;44266;-1.41347920895;45233;-0.0177280902863;
y;0.0;-0.064235880971;
z;566;-35.4944152832;3866;-36.3305892944;7266;-35.5050163269;7833;-36.7144699097;8933;-35.51820755;15200;-35.4714050293;17066;-36.4964294434;20300;-35.508430481;21466;-36.8249473572;22400;-35.5014610291;24700;-35.5326957703;25333;-36.724773407;26533;-35.5061569214;38633;-35.4701385498;43733;-35.5058364868;44266;-36.9021034241;45266;-35.5094490051;
end;
object;LeftToes_End;display;LeftToeBase;mass;0.5;
scaling;
radius;0.01;
length;0.563636245728;
translation;
x;0.0;9.58181617737;
y;0.0;5.95795536356e-07;
z;0.0;8.6005414687e-07;
rotation;
x;0.0;1.45628533232e-07;
y;0.0;-1.74236244261e-15;
z;0.0;4.79688333144e-06;
end;
object;RightUpLeg;display;Hips;mass;0.5;
scaling;
radius;0.01;
length;0.584107126901;
translation;
x;0.0;-9.61297653198;
y;0.0;-2.2113926506;
z;0.0;-1.1409531641;
rotation;
x;0.0;196.846038818;
y;0.0;-89.6829528809;
z;0.0;-15.6520547867;
end;
object;RightUpLegRoll;display;RightUpLeg;mass;0.5;
scaling;
radius;0.01;
length;1.12510269165;
translation;
x;0.0;-19.1267457581;
y;0.0;2.89328030476e-07;
z;0.0;-2.79531190245e-06;
rotation;
x;1100;1.84900641441;4300;0.475910067558;6800;2.76891040802;8466;0.393910527229;10966;2.98282146454;13166;-0.0535651817918;15600;3.6319258213;17033;0.14496897161;19500;3.42188668251;20966;0.328077554703;22600;1.50862705708;23833;3.89665150642;25400;-0.0651167556643;28166;1.19665527344;30066;3.85680675507;31300;-0.0172541923821;34533;3.315741539;35466;0.133676543832;36333;-0.262023359537;38566;3.23635673523;39466;0.384334355593;40766;0.421793282032;42933;4.4438996315;44266;0.119909331203;
y;0.0;-3.95695609612e-09;
z;0.0;1.14736977253e-07;
end;
object;RightLeg;display;RightUpLegRoll;mass;0.5;
scaling;
radius;0.01;
length;1.29020553589;
translation;
x;0.0;-21.9334941101;
y;0.0;3.08928633785e-07;
z;0.0;-1.21233273967e-05;
rotation;
x;366;-6.82562065125;2533;-5.63092088699;3366;-9.40846824646;3900;-8.32299900055;4500;-9.48951435089;5333;-6.2023730278;6733;-6.06968832016;7300;-8.1414604187;9566;-7.61158275604;11000;-5.05001449585;12500;-8.0877828598;13800;-8.09293556213;15000;-4.75062417984;16300;-7.85441875458;17266;-6.85504484177;18000;-7.89837312698;19500;-6.52379179001;20266;-8.49569511414;21433;-6.90480327606;24433;-7.91619300842;25100;-6.80567741394;28566;-6.37009191513;30700;-7.78884983063;33766;-5.83203125;35266;-8.30587863922;36633;-7.0669593811;37400;-7.72783136368;38000;-5.95337915421;39266;-8.37980937958;43100;-4.96447515488;43766;-7.80431652069;
y;800;-0.872885346413;2966;-0.833636462688;3400;-2.93093204498;4533;-3.09879684448;5266;-1.33340382576;8766;-2.63316226006;9300;-0.52276211977;10366;-1.13721203804;11633;0.220696955919;12233;-2.38515210152;16100;-1.32173144817;16566;-3.29590249062;19966;-1.32964682579;20400;-2.84916043282;22066;-3.09423971176;22600;-1.41016316414;24266;-1.8752052784;24633;-3.25823616982;25300;-1.73314940929;28300;-4.82378530502;29033;-2.70520734787;30500;-1.96893560886;32200;-2.05284786224;32933;-3.1874935627;33433;-1.51846468449;34533;-2.06277608871;35000;-1.08015096188;37300;-3.23768782616;37800;-1.16077685356;40933;-2.66388392448;44466;-1.87622785568;
z;200;25.9502296448;466;57.3262710571;733;79.3328399658;1800;98.9515228271;2333;99.2343215942;2733;93.4085617065;3066;61.4595947266;3366;23.1898078918;3766;17.7496299744;4300;18.3889141083;4533;26.0412807465;4866;57.7642860413;5266;85.7207260132;6033;103.096763611;6566;103.785118103;7033;80.4649429321;7400;21.6437664032;7700;5.57119321823;8266;6.80622673035;8866;18.1684970856;9600;80.8643798828;10633;101.056625366;11633;71.7758407593;12066;33.056892395;12333;11.7478380203;12700;6.48411226273;13066;6.9927983284;13733;19.8835887909;14133;52.2320480347;14566;83.8532333374;15266;101.700782776;15666;102.086585999;16133;70.3738021851;16533;22.6173286438;17066;7.90448951721;17400;8.45857620239;17766;16.7075405121;18133;51.2081718445;18433;77.7972793579;19433;102.104248047;20033;63.6905784607;20433;16.5115776062;20900;5.99656009674;21533;6.78371572495;22000;14.7054948807;22366;47.1757621765;22733;79.0368499756;23733;103.600463867;24200;79.154624939;24666;19.3521900177;25266;5.37304973602;27133;12.4077234268;27633;16.601896286;28100;22.0370368958;29000;85.534614563;29933;102.922203064;30200;98.0900039673;30466;76.6008224487;30966;14.612071991;31333;4.89504623413;32200;6.26749372482;32466;7.51069545746;32733;12.1668739319;33066;38.632396698;33500;74.0670394897;33966;98.9895172119;34433;103.581016541;34933;74.5204238892;35433;9.93116092682;35733;5.7557888031;36100;5.95672273636;36600;6.24942588806;37000;7.64619922638;37266;19.8483829498;37733;67.4727478027;38533;101.994384766;38966;77.6428756714;39333;19.2066192627;39533;5.2833776474;39766;5.07252407074;40100;5.60158443451;40833;16.1879234314;41200;47.0329589844;41500;71.1092987061;42333;94.2378997803;42900;96.6432647705;43333;88.4022674561;43866;20.0408802032;44233;4.18871688843;45033;6.83217096329;
end;
object;RightLegRoll;display;RightLeg;mass;0.5;
scaling;
radius;0.01;
length;1.8339994812;
translation;
x;0.0;-31.1779911804;
y;0.0;-4.83392245769e-07;
z;0.0;8.74327347447e-07;
rotation;
x;366;-370.185333252;900;-368.803863525;2533;-368.567718506;3000;-370.501861572;3433;-374.30065918;3966;-372.484008789;4566;-374.173950195;5133;-370.054443359;5866;-369.123687744;6766;-369.307037354;7266;-372.134796143;7633;-371.427185059;9033;-371.813598633;11066;-367.727233887;11800;-368.975067139;12266;-371.769897461;13633;-372.396179199;14966;-367.239379883;15766;-368.727233887;16300;-371.770111084;17266;-370.290496826;18333;-371.89163208;19500;-369.905487061;20266;-372.728149414;21433;-370.361419678;22200;-371.563079834;23733;-370.542572021;24433;-371.851654053;25100;-370.212341309;27400;-370.946350098;28566;-369.624450684;30700;-371.68850708;32933;-370.550201416;33800;-368.882537842;34700;-370.005096436;35300;-372.457336426;36600;-370.620788574;37366;-371.631835938;38000;-369.067474365;39233;-372.470031738;39866;-371.519775391;40800;-372.035430908;41700;-369.290374756;42633;-368.913360596;43100;-367.568389893;43766;-371.692169189;44200;-370.587860107;
y;0.0;-8.6601971816e-07;
z;0.0;1.81647550335e-07;
end;
object;RightFoot;display;RightLegRoll;mass;0.5;
scaling;
radius;0.01;
length;0.710660934448;
translation;
x;0.0;-12.0812358856;
y;0.0;-2.69088275672e-06;
z;0.0;-1.77299930328e-06;
rotation;
x;33;-718.775268555;566;-724.672607422;1166;-727.330810547;2733;-727.022338867;3300;-718.88494873;3800;-719.003112793;4600;-718.35534668;5300;-726.672302246;6833;-727.79119873;7133;-724.582397461;7466;-717.268981934;8533;-716.990661621;9600;-725.962341309;10133;-738.621826172;10566;-740.244934082;11766;-734.399169922;12133;-720.49395752;12600;-716.981323242;13566;-717.640686035;14133;-722.277038574;14866;-725.072692871;15366;-726.917419434;15766;-726.034790039;16133;-725.322875977;16633;-717.944091797;17533;-717.272644043;18233;-723.762145996;19233;-728.266540527;20000;-725.42565918;20533;-717.346313477;21000;-717.055236816;21800;-716.917602539;22500;-722.819702148;23766;-728.55078125;24266;-725.746154785;24566;-719.846984863;24933;-717.44732666;28200;-719.690673828;28633;-722.9140625;29200;-723.598754883;29866;-727.951049805;30533;-725.401733398;31000;-717.651611328;31600;-717.341430664;32600;-717.309509277;33466;-724.842468262;34333;-728.160644531;34933;-725.85345459;35400;-717.903076172;35900;-717.429077148;36833;-717.185974121;37933;-726.070861816;38633;-728.107849121;39033;-724.84979248;39366;-717.824523926;39966;-717.320800781;40900;-718.653625488;41266;-722.77746582;41866;-730.416870117;42666;-740.884155273;44066;-717.190368652;
y;1066;1.83434569836;2766;1.68843007088;3300;-1.13993155956;4600;-1.57102441788;5266;1.56930029392;6933;2.03583335876;7633;-2.57093262672;8966;-1.57954478264;10700;7.26098442078;11400;6.70182132721;11833;6.2459602356;12166;-0.716224014759;12600;-2.4964120388;13533;-2.11919379234;14133;0.373918473721;16066;1.6741758585;16900;-2.36088657379;19233;2.09674406052;20100;1.38101017475;20566;-2.35144591331;21600;-2.57267975807;23366;1.98889040947;24300;1.67869710922;24800;-1.97585630417;26233;-2.24810433388;28566;0.539010882378;29133;-0.0623564347625;29866;1.97917544842;30600;1.47457683086;31066;-2.20971608162;32533;-2.26107525826;33333;0.887352585793;34333;2.10157823563;35000;1.53363788128;35433;-1.93037867546;36966;-2.30488753319;37533;0.00269260676578;38666;1.83756148815;39066;1.16486442089;39400;-2.04315304756;40466;-2.24757051468;41800;2.81070017815;42600;7.89679145813;44100;-2.32747626305;
z;433;-66.7919845581;733;-74.0343856812;2233;-78.1827392578;2966;-72.0448303223;3366;-49.3867683411;3600;-45.1751861572;4000;-46.0505638123;4400;-47.5464477539;4866;-67.237739563;5666;-78.8852157593;6400;-78.9472503662;6933;-76.0646133423;7633;-46.5657615662;8133;-46.9869499207;8900;-53.1996421814;9400;-69.1122360229;10100;-79.295173645;10700;-78.6725540161;11600;-73.3164672852;12233;-52.6715278625;12633;-47.7627029419;13300;-49.6431465149;13700;-53.281452179;14300;-70.5736236572;14966;-79.0180053711;15400;-78.7360992432;15933;-75.6434631348;16566;-53.1208381653;17200;-49.4014930725;17800;-53.7602272034;18400;-73.0394058228;19166;-78.6072921753;19566;-78.8344650269;20066;-67.4300537109;20466;-50.5435600281;20933;-46.4990196228;21500;-47.0240325928;22000;-50.6119995117;22566;-69.5412063599;23200;-79.1231460571;23666;-79.8684387207;24100;-76.4903564453;24666;-52.6356544495;25233;-46.6338005066;27100;-50.4440307617;28100;-54.270111084;28800;-73.0874328613;29300;-79.8813323975;29833;-78.5494995117;30366;-75.2217636108;30900;-53.0107955933;31333;-46.2184181213;32233;-47.440284729;32700;-49.7990531921;33066;-60.1357154846;33566;-73.4724578857;34533;-78.6171951294;34966;-70.220123291;35433;-48.9220046997;35733;-47.7707252502;36066;-48.1659469604;36933;-49.5995407104;37300;-55.528087616;37766;-73.4753265381;38566;-80.3812637329;39000;-72.5045623779;39366;-51.1961746216;39600;-46.6732139587;39933;-47.8106956482;40833;-52.7714004517;41633;-75.1610870361;42500;-77.2824707031;43100;-78.7263793945;43500;-71.0431365967;43933;-49.1347846985;44166;-44.845790863;45100;-48.0855522156;
end;
object;RightToeBase;display;RightFoot;mass;0.5;
scaling;
radius;0.01;
length;0.647395248413;
translation;
x;0.0;-11.005719223;
y;0.0;1.31573289764e-06;
z;0.0;-8.34525494042e-09;
rotation;
x;3033;-0.0945146977901;3833;-3.58362984657;4333;-3.04422807693;4833;-0.0880317538977;12633;-0.49273070693;26933;-0.00780081935227;44533;-0.754232525826;
y;27333;0.11270891875;
z;3033;-35.5887947083;3833;-39.0558624268;4333;-38.5219078064;4833;-35.5823516846;12633;-35.9852790833;26933;-35.5021743774;44533;-36.2457351685;
end;
object;RightToes_End;display;RightToeBase;mass;0.5;
scaling;
radius;0.01;
length;0.563635063171;
translation;
x;0.0;-9.58179607391;
y;0.0;-1.25430201024e-06;
z;0.0;-1.17951919037e-06;
rotation;
x;0.0;1.50001397969e-07;
y;0.0;-9.81306595287e-17;
z;0.0;9.62617377809e-06;
end;
parts_end;
